Informática;Descrição Categoria Produtos de Informática
Eletrodomésticos;Descrição Categoria Produtos Eletrodomésticos
Moda e Acessório;Descrição Categoria Moda e Acessório
Saúde/Cosméticos e Perfumaria;Descrição Categoria Saúde/Cosméticos e Perfumaria
Casa e Decoração;Descrição Categoria Casa e Decoração
Telefonia/Celulares;Descrição Categoria Telefonia/Celulares
Livros/Assinaturas/Apostilas;Descrição Categoria Livros/Assinaturas/Apostilas
Esporte e Lazer;Descrição Categoria Esporte e Lazer
Alimentos e Bebidas;Descrição Categoria Alimentos e Bebidas
;
